starttime	seconds	ctime	dtime	ttime	wait
Fri Jan 08 16:40:25 2021	1610120425	127	165	292	146
Fri Jan 08 16:40:38 2021	1610120438	132	169	301	154
Fri Jan 08 16:40:40 2021	1610120440	134	187	321	154
Fri Jan 08 16:40:22 2021	1610120422	147	176	323	152
Fri Jan 08 16:40:24 2021	1610120424	134	195	329	164
Fri Jan 08 16:40:29 2021	1610120429	145	195	339	174
Fri Jan 08 16:40:27 2021	1610120427	140	206	347	187
Fri Jan 08 16:40:32 2021	1610120432	147	201	348	158
Fri Jan 08 16:40:23 2021	1610120423	140	209	349	162
Fri Jan 08 16:40:43 2021	1610120443	151	243	394	221
Fri Jan 08 16:40:26 2021	1610120426	145	252	398	206
Fri Jan 08 16:40:11 2021	1610120411	146	610	757	598
Fri Jan 08 16:40:11 2021	1610120411	135	623	758	622
Fri Jan 08 16:40:11 2021	1610120411	147	632	779	631
Fri Jan 08 16:40:11 2021	1610120411	147	763	909	612
Fri Jan 08 16:40:11 2021	1610120411	138	813	951	779
Fri Jan 08 16:40:11 2021	1610120411	148	833	982	815
Fri Jan 08 16:40:13 2021	1610120413	147	1081	1228	1080
Fri Jan 08 16:40:11 2021	1610120411	161	1071	1231	1049
Fri Jan 08 16:40:13 2021	1610120413	142	1163	1305	1152
Fri Jan 08 16:40:13 2021	1610120413	141	1174	1315	1171
Fri Jan 08 16:40:13 2021	1610120413	163	1205	1368	1063
Fri Jan 08 16:40:13 2021	1610120413	147	1248	1395	1233
Fri Jan 08 16:40:13 2021	1610120413	145	1257	1402	1256
Fri Jan 08 16:40:13 2021	1610120413	141	1268	1409	1252
Fri Jan 08 16:40:15 2021	1610120415	146	1275	1421	1274
Fri Jan 08 16:40:47 2021	1610120447	148	1296	1444	1295
Fri Jan 08 16:40:47 2021	1610120447	156	1299	1455	1297
Fri Jan 08 16:40:47 2021	1610120447	149	1307	1456	1305
Fri Jan 08 16:40:47 2021	1610120447	150	1309	1459	1306
Fri Jan 08 16:40:47 2021	1610120447	155	1315	1470	1295
Fri Jan 08 16:40:16 2021	1610120416	134	1354	1488	1351
Fri Jan 08 16:40:47 2021	1610120447	159	1337	1497	1334
Fri Jan 08 16:40:11 2021	1610120411	161	1337	1498	1323
Fri Jan 08 16:40:20 2021	1610120420	141	1360	1501	1356
Fri Jan 08 16:40:13 2021	1610120413	139	1375	1514	1362
Fri Jan 08 16:40:47 2021	1610120447	144	1373	1517	1353
Fri Jan 08 16:40:47 2021	1610120447	156	1372	1528	1360
Fri Jan 08 16:40:13 2021	1610120413	140	1389	1529	1369
Fri Jan 08 16:40:13 2021	1610120413	147	1421	1568	1393
Fri Jan 08 16:40:19 2021	1610120419	142	1427	1569	1426
Fri Jan 08 16:40:16 2021	1610120416	153	1439	1591	1419
Fri Jan 08 16:40:47 2021	1610120447	167	1434	1601	1425
Fri Jan 08 16:40:47 2021	1610120447	153	1474	1627	1455
Fri Jan 08 16:40:11 2021	1610120411	138	1491	1629	1462
Fri Jan 08 16:40:16 2021	1610120416	134	1502	1637	1477
Fri Jan 08 16:40:15 2021	1610120415	147	1496	1643	1487
Fri Jan 08 16:40:17 2021	1610120417	137	1515	1652	1498
Fri Jan 08 16:40:17 2021	1610120417	145	1508	1653	1486
Fri Jan 08 16:40:13 2021	1610120413	140	1539	1679	1520
Fri Jan 08 16:40:47 2021	1610120447	150	1531	1680	1392
Fri Jan 08 16:40:16 2021	1610120416	136	1545	1681	1542
Fri Jan 08 16:40:20 2021	1610120420	147	1543	1689	1528
Fri Jan 08 16:40:13 2021	1610120413	157	1534	1691	1376
Fri Jan 08 16:40:16 2021	1610120416	159	1537	1695	1522
Fri Jan 08 16:40:47 2021	1610120447	157	1541	1698	1540
Fri Jan 08 16:40:16 2021	1610120416	151	1549	1700	1528
Fri Jan 08 16:40:18 2021	1610120418	145	1558	1703	1543
Fri Jan 08 16:40:19 2021	1610120419	147	1573	1720	1559
Fri Jan 08 16:40:16 2021	1610120416	144	1579	1722	1537
Fri Jan 08 16:40:20 2021	1610120420	157	1574	1732	1559
Fri Jan 08 16:40:16 2021	1610120416	137	1600	1737	1456
Fri Jan 08 16:40:19 2021	1610120419	142	1607	1749	1583
Fri Jan 08 16:40:47 2021	1610120447	137	1613	1750	1599
Fri Jan 08 16:40:18 2021	1610120418	148	1607	1754	1593
Fri Jan 08 16:40:14 2021	1610120414	147	1610	1757	1584
Fri Jan 08 16:40:47 2021	1610120447	163	1594	1758	1576
Fri Jan 08 16:40:47 2021	1610120447	143	1615	1758	1603
Fri Jan 08 16:40:19 2021	1610120419	135	1624	1759	1622
Fri Jan 08 16:40:47 2021	1610120447	153	1607	1760	1600
Fri Jan 08 16:40:16 2021	1610120416	141	1619	1760	1601
Fri Jan 08 16:40:19 2021	1610120419	156	1606	1761	1585
Fri Jan 08 16:40:16 2021	1610120416	154	1611	1764	1592
Fri Jan 08 16:40:11 2021	1610120411	160	1608	1768	1587
Fri Jan 08 16:40:19 2021	1610120419	143	1645	1788	1497
Fri Jan 08 16:40:47 2021	1610120447	145	1649	1795	1645
Fri Jan 08 16:40:47 2021	1610120447	152	1644	1796	1635
Fri Jan 08 16:40:11 2021	1610120411	148	1650	1798	1628
Fri Jan 08 16:40:20 2021	1610120420	153	1652	1805	1639
Fri Jan 08 16:40:11 2021	1610120411	162	1648	1809	1636
Fri Jan 08 16:40:47 2021	1610120447	139	1676	1816	1664
Fri Jan 08 16:40:47 2021	1610120447	141	1685	1825	1664
Fri Jan 08 16:40:19 2021	1610120419	136	1690	1826	1689
Fri Jan 08 16:40:16 2021	1610120416	148	1679	1827	1667
Fri Jan 08 16:40:47 2021	1610120447	144	1689	1833	1681
Fri Jan 08 16:40:11 2021	1610120411	162	1672	1833	1637
Fri Jan 08 16:40:19 2021	1610120419	140	1696	1836	1691
Fri Jan 08 16:40:47 2021	1610120447	143	1697	1840	1686
Fri Jan 08 16:40:11 2021	1610120411	162	1686	1848	1649
Fri Jan 08 16:40:11 2021	1610120411	162	1689	1850	1678
Fri Jan 08 16:40:19 2021	1610120419	152	1699	1850	1685
Fri Jan 08 16:40:11 2021	1610120411	162	1690	1851	1689
Fri Jan 08 16:40:19 2021	1610120419	142	1712	1855	1711
Fri Jan 08 16:40:17 2021	1610120417	136	1725	1860	1723
Fri Jan 08 16:40:47 2021	1610120447	154	1712	1866	1694
Fri Jan 08 16:40:19 2021	1610120419	144	1721	1866	1691
Fri Jan 08 16:40:47 2021	1610120447	146	1721	1867	1718
Fri Jan 08 16:40:13 2021	1610120413	140	1737	1878	1594
Fri Jan 08 16:40:17 2021	1610120417	153	1727	1880	1709
Fri Jan 08 16:40:18 2021	1610120418	150	1730	1880	1728
Fri Jan 08 16:40:11 2021	1610120411	159	1721	1881	1704
Fri Jan 08 16:40:16 2021	1610120416	150	1735	1885	1721
Fri Jan 08 16:40:47 2021	1610120447	148	1738	1886	1733
Fri Jan 08 16:40:20 2021	1610120420	163	1723	1886	1705
Fri Jan 08 16:40:13 2021	1610120413	158	1730	1888	1712
Fri Jan 08 16:40:16 2021	1610120416	142	1747	1889	1728
Fri Jan 08 16:40:19 2021	1610120419	150	1742	1892	1725
Fri Jan 08 16:40:14 2021	1610120414	150	1742	1892	1740
Fri Jan 08 16:40:15 2021	1610120415	125	1767	1892	1766
Fri Jan 08 16:40:16 2021	1610120416	136	1758	1894	1757
Fri Jan 08 16:40:11 2021	1610120411	162	1734	1896	1701
Fri Jan 08 16:40:17 2021	1610120417	145	1760	1905	1744
Fri Jan 08 16:40:16 2021	1610120416	165	1740	1905	1723
Fri Jan 08 16:40:14 2021	1610120414	155	1753	1908	1729
Fri Jan 08 16:40:47 2021	1610120447	129	1782	1911	1764
Fri Jan 08 16:40:17 2021	1610120417	137	1776	1912	1758
Fri Jan 08 16:40:17 2021	1610120417	147	1766	1914	1743
Fri Jan 08 16:40:17 2021	1610120417	155	1764	1919	1747
Fri Jan 08 16:40:17 2021	1610120417	153	1768	1921	1751
Fri Jan 08 16:40:47 2021	1610120447	146	1776	1922	1763
Fri Jan 08 16:40:18 2021	1610120418	147	1777	1924	1752
Fri Jan 08 16:40:47 2021	1610120447	163	1768	1931	1750
Fri Jan 08 16:40:15 2021	1610120415	136	1796	1932	1795
Fri Jan 08 16:40:20 2021	1610120420	139	1793	1932	1791
Fri Jan 08 16:40:17 2021	1610120417	152	1783	1935	1778
Fri Jan 08 16:40:16 2021	1610120416	144	1793	1937	1777
Fri Jan 08 16:40:12 2021	1610120412	144	1794	1938	1780
Fri Jan 08 16:40:14 2021	1610120414	154	1785	1940	1773
Fri Jan 08 16:40:47 2021	1610120447	151	1791	1941	1788
Fri Jan 08 16:40:15 2021	1610120415	137	1806	1943	1787
Fri Jan 08 16:40:18 2021	1610120418	156	1792	1948	1772
Fri Jan 08 16:40:18 2021	1610120418	148	1804	1952	1787
Fri Jan 08 16:40:18 2021	1610120418	160	1794	1954	1773
Fri Jan 08 16:40:15 2021	1610120415	132	1823	1956	1822
Fri Jan 08 16:40:19 2021	1610120419	139	1818	1957	1682
Fri Jan 08 16:40:47 2021	1610120447	146	1812	1958	1810
Fri Jan 08 16:40:13 2021	1610120413	142	1822	1964	1800
Fri Jan 08 16:40:16 2021	1610120416	149	1816	1965	1779
Fri Jan 08 16:40:14 2021	1610120414	159	1808	1967	1797
Fri Jan 08 16:40:12 2021	1610120412	136	1832	1969	1815
Fri Jan 08 16:40:15 2021	1610120415	137	1834	1971	1822
Fri Jan 08 16:40:14 2021	1610120414	142	1832	1974	1680
Fri Jan 08 16:40:15 2021	1610120415	150	1827	1977	1801
Fri Jan 08 16:40:17 2021	1610120417	149	1828	1978	1807
Fri Jan 08 16:40:18 2021	1610120418	160	1822	1982	1818
Fri Jan 08 16:40:14 2021	1610120414	160	1825	1985	1812
Fri Jan 08 16:40:14 2021	1610120414	142	1847	1989	1810
Fri Jan 08 16:40:14 2021	1610120414	146	1857	2002	1829
Fri Jan 08 16:40:14 2021	1610120414	151	1856	2007	1855
Fri Jan 08 16:40:47 2021	1610120447	164	1845	2008	1843
Fri Jan 08 16:40:20 2021	1610120420	150	1858	2009	1840
Fri Jan 08 16:40:14 2021	1610120414	147	1866	2013	1834
Fri Jan 08 16:40:16 2021	1610120416	143	1878	2020	1865
Fri Jan 08 16:40:19 2021	1610120419	140	1891	2031	1877
Fri Jan 08 16:40:16 2021	1610120416	158	1873	2032	1855
Fri Jan 08 16:40:43 2021	1610120443	150	1881	2032	1863
Fri Jan 08 16:40:16 2021	1610120416	148	1885	2033	1880
Fri Jan 08 16:40:16 2021	1610120416	142	1896	2038	1895
Fri Jan 08 16:40:15 2021	1610120415	160	1880	2040	1862
Fri Jan 08 16:40:17 2021	1610120417	140	1903	2042	1883
Fri Jan 08 16:40:16 2021	1610120416	169	1873	2043	1859
Fri Jan 08 16:40:18 2021	1610120418	161	1882	2044	1861
Fri Jan 08 16:40:11 2021	1610120411	159	1887	2046	1864
Fri Jan 08 16:40:14 2021	1610120414	161	1886	2047	1870
Fri Jan 08 16:40:33 2021	1610120433	147	1900	2047	1886
Fri Jan 08 16:40:11 2021	1610120411	161	1894	2054	1856
Fri Jan 08 16:40:11 2021	1610120411	162	1894	2057	1891
Fri Jan 08 16:40:18 2021	1610120418	152	1907	2060	1902
Fri Jan 08 16:40:47 2021	1610120447	142	1919	2061	1781
Fri Jan 08 16:40:23 2021	1610120423	149	1916	2065	1897
Fri Jan 08 16:40:38 2021	1610120438	150	1923	2073	1911
Fri Jan 08 16:40:15 2021	1610120415	162	1917	2079	1905
Fri Jan 08 16:40:33 2021	1610120433	148	1931	2079	1921
Fri Jan 08 16:40:14 2021	1610120414	153	1934	2087	1933
Fri Jan 08 16:40:15 2021	1610120415	140	1948	2088	1804
Fri Jan 08 16:40:19 2021	1610120419	154	1935	2089	1903
Fri Jan 08 16:40:15 2021	1610120415	144	1945	2089	1928
Fri Jan 08 16:40:23 2021	1610120423	134	1958	2092	1936
Fri Jan 08 16:40:19 2021	1610120419	149	1944	2093	1942
Fri Jan 08 16:40:26 2021	1610120426	138	1957	2094	1954
Fri Jan 08 16:40:19 2021	1610120419	147	1948	2095	1917
Fri Jan 08 16:40:33 2021	1610120433	135	1963	2098	1962
Fri Jan 08 16:40:16 2021	1610120416	148	1952	2100	1929
Fri Jan 08 16:40:14 2021	1610120414	148	1954	2102	1946
Fri Jan 08 16:40:14 2021	1610120414	147	1956	2103	1950
Fri Jan 08 16:40:14 2021	1610120414	150	1957	2107	1956
Fri Jan 08 16:40:19 2021	1610120419	134	1974	2108	1957
Fri Jan 08 16:40:28 2021	1610120428	141	1970	2111	1956
Fri Jan 08 16:40:26 2021	1610120426	149	1962	2111	1949
Fri Jan 08 16:40:19 2021	1610120419	134	1979	2112	1974
Fri Jan 08 16:40:14 2021	1610120414	141	1972	2113	1969
Fri Jan 08 16:40:14 2021	1610120414	147	1966	2114	1944
Fri Jan 08 16:40:19 2021	1610120419	149	1967	2116	1963
Fri Jan 08 16:40:23 2021	1610120423	133	1985	2118	1984
Fri Jan 08 16:40:11 2021	1610120411	161	1960	2121	1918
Fri Jan 08 16:40:30 2021	1610120430	155	1967	2121	1966
Fri Jan 08 16:40:18 2021	1610120418	140	1982	2122	1849
Fri Jan 08 16:40:18 2021	1610120418	143	1979	2122	1955
Fri Jan 08 16:40:19 2021	1610120419	146	1978	2124	1952
Fri Jan 08 16:40:23 2021	1610120423	147	1977	2124	1976
Fri Jan 08 16:40:46 2021	1610120446	153	1975	2128	1955
Fri Jan 08 16:40:14 2021	1610120414	153	1976	2128	1965
Fri Jan 08 16:40:18 2021	1610120418	138	1992	2130	1978
Fri Jan 08 16:40:28 2021	1610120428	158	1972	2131	1959
Fri Jan 08 16:40:14 2021	1610120414	145	1986	2131	1985
Fri Jan 08 16:40:28 2021	1610120428	136	1995	2132	1985
Fri Jan 08 16:40:19 2021	1610120419	142	1990	2132	1981
Fri Jan 08 16:40:46 2021	1610120446	138	1995	2133	1989
Fri Jan 08 16:40:17 2021	1610120417	148	1986	2134	1973
Fri Jan 08 16:40:18 2021	1610120418	147	1988	2135	1958
Fri Jan 08 16:40:22 2021	1610120422	140	1996	2136	1980
Fri Jan 08 16:40:14 2021	1610120414	153	1984	2136	1983
Fri Jan 08 16:40:46 2021	1610120446	157	1981	2138	1971
Fri Jan 08 16:40:19 2021	1610120419	156	1985	2141	1972
Fri Jan 08 16:40:14 2021	1610120414	144	1998	2142	1985
Fri Jan 08 16:40:46 2021	1610120446	137	2008	2145	1985
Fri Jan 08 16:40:36 2021	1610120436	135	2014	2149	2000
Fri Jan 08 16:40:18 2021	1610120418	135	2015	2150	1995
Fri Jan 08 16:40:23 2021	1610120423	133	2018	2151	2011
Fri Jan 08 16:40:26 2021	1610120426	128	2024	2152	2011
Fri Jan 08 16:40:14 2021	1610120414	147	2005	2152	1990
Fri Jan 08 16:40:18 2021	1610120418	139	2018	2158	2001
Fri Jan 08 16:40:19 2021	1610120419	142	2017	2159	1998
Fri Jan 08 16:40:30 2021	1610120430	147	2013	2160	1996
Fri Jan 08 16:40:38 2021	1610120438	146	2014	2160	1996
Fri Jan 08 16:40:26 2021	1610120426	143	2017	2161	1995
Fri Jan 08 16:40:23 2021	1610120423	149	2017	2166	2003
Fri Jan 08 16:40:19 2021	1610120419	162	2005	2167	1860
Fri Jan 08 16:40:19 2021	1610120419	148	2021	2169	2004
Fri Jan 08 16:40:11 2021	1610120411	164	2005	2170	1986
Fri Jan 08 16:40:11 2021	1610120411	162	2008	2170	1861
Fri Jan 08 16:40:23 2021	1610120423	147	2023	2170	2010
Fri Jan 08 16:40:19 2021	1610120419	149	2021	2170	1998
Fri Jan 08 16:40:16 2021	1610120416	141	2034	2175	2011
Fri Jan 08 16:40:38 2021	1610120438	145	2031	2176	2013
Fri Jan 08 16:40:23 2021	1610120423	142	2034	2177	2016
Fri Jan 08 16:40:14 2021	1610120414	151	2028	2178	2000
Fri Jan 08 16:40:46 2021	1610120446	144	2034	2178	2016
Fri Jan 08 16:40:14 2021	1610120414	140	2039	2179	2019
Fri Jan 08 16:40:23 2021	1610120423	145	2035	2180	2023
Fri Jan 08 16:40:23 2021	1610120423	139	2043	2182	2023
Fri Jan 08 16:40:31 2021	1610120431	150	2038	2188	2024
Fri Jan 08 16:40:16 2021	1610120416	146	2049	2195	2033
Fri Jan 08 16:40:17 2021	1610120417	145	2051	2195	2050
Fri Jan 08 16:40:18 2021	1610120418	137	2058	2196	2035
Fri Jan 08 16:40:33 2021	1610120433	146	2053	2199	2035
Fri Jan 08 16:40:18 2021	1610120418	153	2046	2199	2011
Fri Jan 08 16:40:12 2021	1610120412	148	2052	2200	2029
Fri Jan 08 16:40:23 2021	1610120423	140	2062	2202	2060
Fri Jan 08 16:40:29 2021	1610120429	142	2061	2203	2046
Fri Jan 08 16:40:14 2021	1610120414	144	2061	2204	2039
Fri Jan 08 16:40:28 2021	1610120428	142	2064	2206	2050
Fri Jan 08 16:40:18 2021	1610120418	152	2057	2208	2044
Fri Jan 08 16:40:17 2021	1610120417	137	2073	2209	2056
Fri Jan 08 16:40:22 2021	1610120422	141	2070	2211	2062
Fri Jan 08 16:40:46 2021	1610120446	147	2064	2211	2048
Fri Jan 08 16:40:22 2021	1610120422	139	2073	2212	2071
Fri Jan 08 16:40:14 2021	1610120414	145	2069	2213	2030
Fri Jan 08 16:40:14 2021	1610120414	149	2066	2215	2061
Fri Jan 08 16:40:25 2021	1610120425	151	2065	2215	2048
Fri Jan 08 16:40:12 2021	1610120412	143	2074	2217	2055
Fri Jan 08 16:40:43 2021	1610120443	169	2049	2218	2038
Fri Jan 08 16:40:18 2021	1610120418	141	2078	2219	1946
Fri Jan 08 16:40:46 2021	1610120446	143	2078	2221	2064
Fri Jan 08 16:40:14 2021	1610120414	142	2079	2221	2066
Fri Jan 08 16:40:17 2021	1610120417	140	2081	2221	2066
Fri Jan 08 16:40:14 2021	1610120414	142	2080	2223	2050
Fri Jan 08 16:40:30 2021	1610120430	137	2087	2224	2069
Fri Jan 08 16:40:23 2021	1610120423	153	2073	2226	1932
Fri Jan 08 16:40:11 2021	1610120411	160	2069	2228	2050
Fri Jan 08 16:40:25 2021	1610120425	165	2065	2230	2047
Fri Jan 08 16:40:25 2021	1610120425	133	2100	2233	2082
Fri Jan 08 16:40:16 2021	1610120416	158	2077	2236	2062
Fri Jan 08 16:40:22 2021	1610120422	149	2089	2237	2081
Fri Jan 08 16:40:14 2021	1610120414	147	2094	2241	2092
Fri Jan 08 16:40:31 2021	1610120431	151	2089	2241	2076
Fri Jan 08 16:40:23 2021	1610120423	152	2090	2242	2076
Fri Jan 08 16:40:43 2021	1610120443	133	2110	2242	2081
Fri Jan 08 16:40:46 2021	1610120446	139	2104	2243	2091
Fri Jan 08 16:40:30 2021	1610120430	138	2106	2244	2095
Fri Jan 08 16:40:36 2021	1610120436	141	2104	2245	2102
Fri Jan 08 16:40:26 2021	1610120426	140	2106	2246	2099
Fri Jan 08 16:40:31 2021	1610120431	157	2090	2247	2089
Fri Jan 08 16:40:14 2021	1610120414	151	2098	2249	2071
Fri Jan 08 16:40:29 2021	1610120429	140	2109	2249	2093
Fri Jan 08 16:40:14 2021	1610120414	142	2108	2250	2082
Fri Jan 08 16:40:32 2021	1610120432	134	2116	2250	2111
Fri Jan 08 16:40:11 2021	1610120411	178	2072	2250	2050
Fri Jan 08 16:40:11 2021	1610120411	159	2091	2251	2069
Fri Jan 08 16:40:13 2021	1610120413	138	2118	2257	1985
Fri Jan 08 16:40:39 2021	1610120439	128	2130	2257	2111
Fri Jan 08 16:40:17 2021	1610120417	147	2111	2258	2066
Fri Jan 08 16:40:20 2021	1610120420	160	2099	2259	2080
Fri Jan 08 16:40:27 2021	1610120427	153	2105	2259	2091
Fri Jan 08 16:40:17 2021	1610120417	147	2114	2261	2113
Fri Jan 08 16:40:39 2021	1610120439	143	2120	2263	2102
Fri Jan 08 16:40:39 2021	1610120439	139	2127	2266	2123
Fri Jan 08 16:40:23 2021	1610120423	140	2126	2266	2000
Fri Jan 08 16:40:36 2021	1610120436	133	2134	2267	2129
Fri Jan 08 16:40:11 2021	1610120411	161	2106	2267	2088
Fri Jan 08 16:40:33 2021	1610120433	151	2118	2269	2100
Fri Jan 08 16:40:31 2021	1610120431	142	2127	2269	2111
Fri Jan 08 16:40:30 2021	1610120430	150	2120	2271	2119
Fri Jan 08 16:40:16 2021	1610120416	155	2117	2272	2086
Fri Jan 08 16:40:28 2021	1610120428	146	2127	2272	2106
Fri Jan 08 16:40:28 2021	1610120428	136	2139	2275	2123
Fri Jan 08 16:40:30 2021	1610120430	140	2135	2276	2118
Fri Jan 08 16:40:30 2021	1610120430	140	2138	2278	2123
Fri Jan 08 16:40:29 2021	1610120429	138	2142	2279	2123
Fri Jan 08 16:40:14 2021	1610120414	155	2125	2280	2124
Fri Jan 08 16:40:25 2021	1610120425	150	2136	2286	2135
Fri Jan 08 16:40:22 2021	1610120422	147	2141	2287	2127
Fri Jan 08 16:40:25 2021	1610120425	145	2143	2288	2137
Fri Jan 08 16:40:25 2021	1610120425	139	2149	2288	2131
Fri Jan 08 16:40:42 2021	1610120442	147	2142	2289	2127
Fri Jan 08 16:40:18 2021	1610120418	169	2119	2289	2118
Fri Jan 08 16:40:35 2021	1610120435	145	2144	2289	2129
Fri Jan 08 16:40:18 2021	1610120418	142	2148	2289	2130
Fri Jan 08 16:40:39 2021	1610120439	136	2155	2291	2154
Fri Jan 08 16:40:11 2021	1610120411	147	2145	2291	2124
Fri Jan 08 16:40:11 2021	1610120411	178	2114	2292	2090
Fri Jan 08 16:40:17 2021	1610120417	152	2140	2292	2139
Fri Jan 08 16:40:18 2021	1610120418	155	2139	2294	2126
Fri Jan 08 16:40:30 2021	1610120430	146	2151	2296	2135
Fri Jan 08 16:40:32 2021	1610120432	145	2154	2299	2139
Fri Jan 08 16:40:16 2021	1610120416	151	2148	2299	2132
Fri Jan 08 16:40:35 2021	1610120435	144	2155	2299	2142
Fri Jan 08 16:40:37 2021	1610120437	143	2159	2302	2143
Fri Jan 08 16:40:17 2021	1610120417	135	2169	2304	2155
Fri Jan 08 16:40:36 2021	1610120436	145	2159	2304	2151
Fri Jan 08 16:40:30 2021	1610120430	157	2154	2310	2138
Fri Jan 08 16:40:29 2021	1610120429	150	2163	2314	2161
Fri Jan 08 16:40:35 2021	1610120435	143	2172	2315	2152
Fri Jan 08 16:40:35 2021	1610120435	134	2181	2316	2175
Fri Jan 08 16:40:28 2021	1610120428	147	2169	2316	2156
Fri Jan 08 16:40:25 2021	1610120425	130	2186	2317	2185
Fri Jan 08 16:40:20 2021	1610120420	152	2166	2317	2152
Fri Jan 08 16:40:30 2021	1610120430	141	2176	2317	2158
Fri Jan 08 16:40:16 2021	1610120416	148	2171	2319	2152
Fri Jan 08 16:40:25 2021	1610120425	147	2176	2323	2161
Fri Jan 08 16:40:32 2021	1610120432	135	2188	2323	2177
Fri Jan 08 16:40:29 2021	1610120429	129	2194	2324	2193
Fri Jan 08 16:40:18 2021	1610120418	157	2166	2324	2166
Fri Jan 08 16:40:42 2021	1610120442	144	2181	2325	2177
Fri Jan 08 16:40:20 2021	1610120420	150	2176	2326	2160
Fri Jan 08 16:40:25 2021	1610120425	125	2201	2326	2176
Fri Jan 08 16:40:30 2021	1610120430	156	2173	2328	2158
Fri Jan 08 16:40:38 2021	1610120438	150	2179	2328	2173
Fri Jan 08 16:40:33 2021	1610120433	156	2176	2332	2162
Fri Jan 08 16:40:26 2021	1610120426	156	2176	2332	2160
Fri Jan 08 16:40:45 2021	1610120445	138	2195	2333	2179
Fri Jan 08 16:40:16 2021	1610120416	168	2171	2339	2159
Fri Jan 08 16:40:11 2021	1610120411	161	2178	2340	2177
Fri Jan 08 16:40:40 2021	1610120440	137	2203	2340	2193
Fri Jan 08 16:40:11 2021	1610120411	161	2180	2341	2179
Fri Jan 08 16:40:11 2021	1610120411	161	2179	2341	2145
Fri Jan 08 16:40:37 2021	1610120437	156	2187	2343	2186
Fri Jan 08 16:40:14 2021	1610120414	152	2194	2346	2151
Fri Jan 08 16:40:20 2021	1610120420	150	2200	2349	2180
Fri Jan 08 16:40:12 2021	1610120412	138	2212	2350	2178
Fri Jan 08 16:40:45 2021	1610120445	145	2206	2351	2191
Fri Jan 08 16:40:39 2021	1610120439	158	2196	2355	2179
Fri Jan 08 16:40:37 2021	1610120437	144	2213	2357	2198
Fri Jan 08 16:40:38 2021	1610120438	134	2223	2357	2210
Fri Jan 08 16:40:21 2021	1610120421	133	2225	2358	2224
Fri Jan 08 16:40:30 2021	1610120430	129	2231	2359	2218
Fri Jan 08 16:40:26 2021	1610120426	152	2208	2360	2188
Fri Jan 08 16:40:39 2021	1610120439	155	2206	2361	2202
Fri Jan 08 16:40:26 2021	1610120426	147	2214	2362	2198
Fri Jan 08 16:40:16 2021	1610120416	154	2210	2364	2189
Fri Jan 08 16:40:11 2021	1610120411	160	2205	2364	2180
Fri Jan 08 16:40:18 2021	1610120418	150	2216	2366	2202
Fri Jan 08 16:40:40 2021	1610120440	152	2214	2366	2204
Fri Jan 08 16:40:35 2021	1610120435	124	2243	2366	2229
Fri Jan 08 16:40:37 2021	1610120437	145	2221	2366	2205
Fri Jan 08 16:40:45 2021	1610120445	144	2224	2367	2211
Fri Jan 08 16:40:40 2021	1610120440	161	2207	2367	2190
Fri Jan 08 16:40:26 2021	1610120426	157	2212	2369	2200
Fri Jan 08 16:40:17 2021	1610120417	151	2218	2369	2083
Fri Jan 08 16:40:11 2021	1610120411	161	2209	2371	2204
Fri Jan 08 16:40:44 2021	1610120444	146	2225	2371	2220
Fri Jan 08 16:40:21 2021	1610120421	137	2235	2371	2223
Fri Jan 08 16:40:43 2021	1610120443	146	2225	2371	2211
Fri Jan 08 16:40:42 2021	1610120442	160	2213	2374	2203
Fri Jan 08 16:40:42 2021	1610120442	142	2232	2374	2213
Fri Jan 08 16:40:43 2021	1610120443	145	2230	2375	2218
Fri Jan 08 16:40:34 2021	1610120434	152	2224	2375	2216
Fri Jan 08 16:40:28 2021	1610120428	147	2229	2376	2213
Fri Jan 08 16:40:36 2021	1610120436	133	2246	2379	2241
Fri Jan 08 16:40:39 2021	1610120439	143	2236	2379	2213
Fri Jan 08 16:40:24 2021	1610120424	141	2238	2379	2220
Fri Jan 08 16:40:37 2021	1610120437	150	2229	2379	2225
Fri Jan 08 16:40:30 2021	1610120430	147	2236	2383	2221
Fri Jan 08 16:40:33 2021	1610120433	160	2224	2384	2206
Fri Jan 08 16:40:25 2021	1610120425	162	2226	2388	2212
Fri Jan 08 16:40:45 2021	1610120445	154	2235	2389	2231
Fri Jan 08 16:40:21 2021	1610120421	156	2234	2390	2223
Fri Jan 08 16:40:42 2021	1610120442	155	2236	2391	2227
Fri Jan 08 16:40:29 2021	1610120429	133	2258	2391	2244
Fri Jan 08 16:40:37 2021	1610120437	152	2239	2391	2231
Fri Jan 08 16:40:40 2021	1610120440	148	2243	2391	2238
Fri Jan 08 16:40:19 2021	1610120419	156	2238	2394	2220
Fri Jan 08 16:40:21 2021	1610120421	140	2253	2394	2242
Fri Jan 08 16:40:35 2021	1610120435	149	2244	2394	2239
Fri Jan 08 16:40:14 2021	1610120414	153	2241	2394	2222
Fri Jan 08 16:40:25 2021	1610120425	156	2238	2394	2223
Fri Jan 08 16:40:44 2021	1610120444	143	2251	2394	2243
Fri Jan 08 16:40:40 2021	1610120440	144	2250	2394	2227
Fri Jan 08 16:40:44 2021	1610120444	137	2257	2395	2239
Fri Jan 08 16:40:23 2021	1610120423	141	2254	2395	2084
Fri Jan 08 16:40:11 2021	1610120411	162	2234	2396	2215
Fri Jan 08 16:40:11 2021	1610120411	162	2236	2397	2213
Fri Jan 08 16:40:37 2021	1610120437	145	2253	2398	2242
Fri Jan 08 16:40:31 2021	1610120431	155	2243	2398	2225
Fri Jan 08 16:40:29 2021	1610120429	148	2250	2399	2230
Fri Jan 08 16:40:24 2021	1610120424	145	2254	2399	2251
Fri Jan 08 16:40:21 2021	1610120421	144	2256	2400	2254
Fri Jan 08 16:40:33 2021	1610120433	142	2258	2400	2244
Fri Jan 08 16:40:36 2021	1610120436	137	2264	2400	2249
Fri Jan 08 16:40:25 2021	1610120425	148	2254	2402	2235
Fri Jan 08 16:40:36 2021	1610120436	137	2265	2402	2253
Fri Jan 08 16:40:30 2021	1610120430	137	2265	2402	2252
Fri Jan 08 16:40:28 2021	1610120428	142	2260	2402	2135
Fri Jan 08 16:40:39 2021	1610120439	158	2244	2402	2230
Fri Jan 08 16:40:37 2021	1610120437	164	2239	2403	2219
Fri Jan 08 16:40:45 2021	1610120445	154	2250	2404	2249
Fri Jan 08 16:40:36 2021	1610120436	136	2268	2404	2253
Fri Jan 08 16:40:21 2021	1610120421	147	2258	2404	2254
Fri Jan 08 16:40:39 2021	1610120439	146	2258	2405	2254
Fri Jan 08 16:40:42 2021	1610120442	145	2260	2405	2258
Fri Jan 08 16:40:34 2021	1610120434	150	2258	2407	2240
Fri Jan 08 16:40:33 2021	1610120433	147	2261	2408	2249
Fri Jan 08 16:40:37 2021	1610120437	144	2264	2408	2256
Fri Jan 08 16:40:35 2021	1610120435	146	2262	2408	2261
Fri Jan 08 16:40:24 2021	1610120424	151	2257	2408	2247
Fri Jan 08 16:40:39 2021	1610120439	144	2265	2409	2249
Fri Jan 08 16:40:42 2021	1610120442	135	2275	2410	2260
Fri Jan 08 16:40:35 2021	1610120435	147	2264	2411	2262
Fri Jan 08 16:40:24 2021	1610120424	136	2276	2411	2273
Fri Jan 08 16:40:32 2021	1610120432	140	2271	2412	2267
Fri Jan 08 16:40:35 2021	1610120435	149	2263	2412	2260
Fri Jan 08 16:40:36 2021	1610120436	135	2277	2412	2263
Fri Jan 08 16:40:35 2021	1610120435	142	2272	2413	2253
Fri Jan 08 16:40:38 2021	1610120438	146	2269	2415	2255
Fri Jan 08 16:40:38 2021	1610120438	149	2266	2416	2250
Fri Jan 08 16:40:37 2021	1610120437	148	2269	2417	2252
Fri Jan 08 16:40:26 2021	1610120426	141	2276	2417	2263
Fri Jan 08 16:40:42 2021	1610120442	151	2266	2417	2249
Fri Jan 08 16:40:39 2021	1610120439	149	2270	2419	2258
Fri Jan 08 16:40:11 2021	1610120411	162	2258	2419	2243
Fri Jan 08 16:40:24 2021	1610120424	153	2267	2420	2254
Fri Jan 08 16:40:42 2021	1610120442	141	2279	2420	2259
Fri Jan 08 16:40:11 2021	1610120411	162	2259	2420	2258
Fri Jan 08 16:40:45 2021	1610120445	137	2284	2421	2282
Fri Jan 08 16:40:38 2021	1610120438	141	2280	2421	2135
Fri Jan 08 16:40:28 2021	1610120428	154	2269	2423	2255
Fri Jan 08 16:40:34 2021	1610120434	146	2278	2424	2261
Fri Jan 08 16:40:16 2021	1610120416	135	2291	2425	2270
Fri Jan 08 16:40:37 2021	1610120437	150	2276	2426	2262
Fri Jan 08 16:40:31 2021	1610120431	140	2287	2427	2269
Fri Jan 08 16:40:33 2021	1610120433	142	2286	2427	2267
Fri Jan 08 16:40:39 2021	1610120439	147	2281	2428	2262
Fri Jan 08 16:40:19 2021	1610120419	147	2282	2430	2270
Fri Jan 08 16:40:27 2021	1610120427	142	2288	2430	2269
Fri Jan 08 16:40:26 2021	1610120426	146	2285	2430	2271
Fri Jan 08 16:40:37 2021	1610120437	134	2297	2431	2283
Fri Jan 08 16:40:34 2021	1610120434	135	2296	2431	2281
Fri Jan 08 16:40:40 2021	1610120440	154	2277	2431	2275
Fri Jan 08 16:40:17 2021	1610120417	139	2293	2432	2291
Fri Jan 08 16:40:35 2021	1610120435	131	2301	2432	2280
Fri Jan 08 16:40:45 2021	1610120445	146	2286	2432	2285
Fri Jan 08 16:40:42 2021	1610120442	138	2295	2433	2294
Fri Jan 08 16:40:35 2021	1610120435	157	2276	2433	2255
Fri Jan 08 16:40:35 2021	1610120435	149	2284	2433	2269
Fri Jan 08 16:40:32 2021	1610120432	170	2263	2433	2254
Fri Jan 08 16:40:29 2021	1610120429	142	2292	2434	2282
Fri Jan 08 16:40:36 2021	1610120436	134	2301	2434	2281
Fri Jan 08 16:40:44 2021	1610120444	163	2272	2435	2260
Fri Jan 08 16:40:40 2021	1610120440	155	2280	2435	2271
Fri Jan 08 16:40:26 2021	1610120426	148	2289	2436	2271
Fri Jan 08 16:40:21 2021	1610120421	157	2280	2437	2265
Fri Jan 08 16:40:28 2021	1610120428	133	2305	2438	2304
Fri Jan 08 16:40:35 2021	1610120435	156	2283	2439	2269
Fri Jan 08 16:40:34 2021	1610120434	139	2300	2439	2281
Fri Jan 08 16:40:14 2021	1610120414	134	2305	2439	2283
Fri Jan 08 16:40:29 2021	1610120429	144	2295	2439	2289
Fri Jan 08 16:40:42 2021	1610120442	155	2286	2440	2284
Fri Jan 08 16:40:42 2021	1610120442	166	2275	2441	2253
Fri Jan 08 16:40:18 2021	1610120418	153	2287	2441	2267
Fri Jan 08 16:40:28 2021	1610120428	155	2287	2441	2269
Fri Jan 08 16:40:29 2021	1610120429	142	2300	2442	2299
Fri Jan 08 16:40:26 2021	1610120426	134	2308	2442	2307
Fri Jan 08 16:40:34 2021	1610120434	155	2287	2442	2274
Fri Jan 08 16:40:42 2021	1610120442	151	2291	2443	2275
Fri Jan 08 16:40:40 2021	1610120440	166	2277	2443	2276
Fri Jan 08 16:40:31 2021	1610120431	143	2302	2444	2282
Fri Jan 08 16:40:25 2021	1610120425	148	2296	2444	2281
Fri Jan 08 16:40:38 2021	1610120438	135	2310	2445	2308
Fri Jan 08 16:40:43 2021	1610120443	147	2298	2445	2290
Fri Jan 08 16:40:46 2021	1610120446	139	2307	2446	2159
Fri Jan 08 16:40:35 2021	1610120435	160	2287	2447	2268
Fri Jan 08 16:40:35 2021	1610120435	151	2296	2447	2278
Fri Jan 08 16:40:44 2021	1610120444	148	2299	2447	2293
Fri Jan 08 16:40:36 2021	1610120436	142	2306	2448	2289
Fri Jan 08 16:40:13 2021	1610120413	163	2286	2449	2263
Fri Jan 08 16:40:31 2021	1610120431	144	2305	2449	2303
Fri Jan 08 16:40:41 2021	1610120441	135	2315	2450	2298
Fri Jan 08 16:40:34 2021	1610120434	140	2309	2450	2295
Fri Jan 08 16:40:45 2021	1610120445	157	2293	2451	2292
Fri Jan 08 16:40:39 2021	1610120439	146	2306	2452	2297
Fri Jan 08 16:40:26 2021	1610120426	160	2294	2454	2292
Fri Jan 08 16:40:36 2021	1610120436	151	2303	2454	2296
Fri Jan 08 16:40:26 2021	1610120426	152	2303	2455	2302
Fri Jan 08 16:40:31 2021	1610120431	139	2316	2455	2303
Fri Jan 08 16:40:41 2021	1610120441	141	2314	2455	2297
Fri Jan 08 16:40:28 2021	1610120428	148	2311	2459	2299
Fri Jan 08 16:40:30 2021	1610120430	159	2300	2459	2285
Fri Jan 08 16:40:42 2021	1610120442	153	2306	2459	2300
Fri Jan 08 16:40:26 2021	1610120426	154	2306	2460	2305
Fri Jan 08 16:40:44 2021	1610120444	159	2301	2460	2284
Fri Jan 08 16:40:27 2021	1610120427	150	2310	2460	2309
Fri Jan 08 16:40:26 2021	1610120426	158	2304	2461	2302
Fri Jan 08 16:40:40 2021	1610120440	148	2314	2461	2292
Fri Jan 08 16:40:29 2021	1610120429	150	2313	2462	2310
Fri Jan 08 16:40:33 2021	1610120433	146	2317	2463	2300
Fri Jan 08 16:40:42 2021	1610120442	144	2320	2464	2314
Fri Jan 08 16:40:21 2021	1610120421	141	2323	2464	2322
Fri Jan 08 16:40:33 2021	1610120433	146	2319	2465	2304
Fri Jan 08 16:40:24 2021	1610120424	140	2326	2466	2301
Fri Jan 08 16:40:24 2021	1610120424	154	2313	2467	2302
Fri Jan 08 16:40:39 2021	1610120439	145	2323	2467	2300
Fri Jan 08 16:40:28 2021	1610120428	140	2327	2467	2326
Fri Jan 08 16:40:11 2021	1610120411	165	2302	2468	2275
Fri Jan 08 16:40:39 2021	1610120439	150	2319	2469	2305
Fri Jan 08 16:40:27 2021	1610120427	150	2318	2469	2168
Fri Jan 08 16:40:42 2021	1610120442	144	2325	2469	2308
Fri Jan 08 16:40:37 2021	1610120437	149	2321	2470	2320
Fri Jan 08 16:40:37 2021	1610120437	137	2333	2470	2302
Fri Jan 08 16:40:39 2021	1610120439	153	2317	2471	2289
Fri Jan 08 16:40:31 2021	1610120431	157	2315	2471	2311
Fri Jan 08 16:40:31 2021	1610120431	150	2321	2471	2320
Fri Jan 08 16:40:21 2021	1610120421	155	2317	2472	2299
Fri Jan 08 16:40:26 2021	1610120426	140	2335	2475	2331
Fri Jan 08 16:40:41 2021	1610120441	144	2331	2475	2309
Fri Jan 08 16:40:39 2021	1610120439	139	2337	2476	2314
Fri Jan 08 16:40:37 2021	1610120437	154	2323	2477	2322
Fri Jan 08 16:40:11 2021	1610120411	164	2313	2477	2303
Fri Jan 08 16:40:44 2021	1610120444	141	2336	2477	2317
Fri Jan 08 16:40:33 2021	1610120433	165	2313	2478	2311
Fri Jan 08 16:40:43 2021	1610120443	154	2325	2479	2310
Fri Jan 08 16:40:37 2021	1610120437	130	2351	2480	2342
Fri Jan 08 16:40:26 2021	1610120426	152	2329	2481	2315
Fri Jan 08 16:40:33 2021	1610120433	145	2337	2482	2324
Fri Jan 08 16:40:29 2021	1610120429	165	2318	2482	2306
Fri Jan 08 16:40:29 2021	1610120429	141	2341	2482	2340
Fri Jan 08 16:40:26 2021	1610120426	150	2333	2482	2315
Fri Jan 08 16:40:21 2021	1610120421	148	2335	2483	2326
Fri Jan 08 16:40:42 2021	1610120442	149	2334	2483	2330
Fri Jan 08 16:40:31 2021	1610120431	163	2321	2484	2307
Fri Jan 08 16:40:37 2021	1610120437	134	2350	2485	2339
Fri Jan 08 16:40:31 2021	1610120431	152	2336	2488	2321
Fri Jan 08 16:40:21 2021	1610120421	155	2333	2488	2323
Fri Jan 08 16:40:45 2021	1610120445	155	2334	2489	2321
Fri Jan 08 16:40:44 2021	1610120444	148	2342	2490	2330
Fri Jan 08 16:40:38 2021	1610120438	147	2343	2490	2324
Fri Jan 08 16:40:42 2021	1610120442	153	2337	2490	2324
Fri Jan 08 16:40:42 2021	1610120442	137	2353	2490	2338
Fri Jan 08 16:40:42 2021	1610120442	158	2333	2491	2331
Fri Jan 08 16:40:29 2021	1610120429	137	2355	2491	2342
Fri Jan 08 16:40:39 2021	1610120439	150	2342	2491	2334
Fri Jan 08 16:40:32 2021	1610120432	140	2352	2492	2338
Fri Jan 08 16:40:11 2021	1610120411	135	2357	2492	2344
Fri Jan 08 16:40:41 2021	1610120441	140	2352	2492	2335
Fri Jan 08 16:40:37 2021	1610120437	143	2349	2493	2345
Fri Jan 08 16:40:21 2021	1610120421	157	2336	2493	2312
Fri Jan 08 16:40:42 2021	1610120442	146	2348	2495	2329
Fri Jan 08 16:40:29 2021	1610120429	148	2346	2495	2336
Fri Jan 08 16:40:34 2021	1610120434	141	2354	2495	2341
Fri Jan 08 16:40:44 2021	1610120444	157	2339	2495	2327
Fri Jan 08 16:40:14 2021	1610120414	168	2329	2497	2314
Fri Jan 08 16:40:27 2021	1610120427	132	2366	2497	2345
Fri Jan 08 16:40:29 2021	1610120429	127	2371	2498	2370
Fri Jan 08 16:40:24 2021	1610120424	136	2363	2498	2362
Fri Jan 08 16:40:37 2021	1610120437	150	2349	2498	2346
Fri Jan 08 16:40:35 2021	1610120435	141	2357	2499	2349
Fri Jan 08 16:40:37 2021	1610120437	150	2350	2500	2339
Fri Jan 08 16:40:39 2021	1610120439	143	2357	2500	2342
Fri Jan 08 16:40:38 2021	1610120438	135	2365	2500	2349
Fri Jan 08 16:40:41 2021	1610120441	146	2354	2500	2349
Fri Jan 08 16:40:37 2021	1610120437	162	2338	2501	2325
Fri Jan 08 16:40:29 2021	1610120429	146	2356	2502	2344
Fri Jan 08 16:40:37 2021	1610120437	159	2343	2502	2330
Fri Jan 08 16:40:23 2021	1610120423	169	2334	2502	2319
Fri Jan 08 16:40:39 2021	1610120439	150	2354	2504	2341
Fri Jan 08 16:40:28 2021	1610120428	149	2355	2504	2203
Fri Jan 08 16:40:42 2021	1610120442	157	2349	2506	2340
Fri Jan 08 16:40:42 2021	1610120442	151	2355	2506	2354
Fri Jan 08 16:40:17 2021	1610120417	153	2354	2507	2333
Fri Jan 08 16:40:29 2021	1610120429	143	2364	2507	2346
Fri Jan 08 16:40:28 2021	1610120428	139	2369	2508	2355
Fri Jan 08 16:40:33 2021	1610120433	145	2364	2509	2351
Fri Jan 08 16:40:26 2021	1610120426	158	2352	2510	2351
Fri Jan 08 16:40:29 2021	1610120429	151	2360	2511	2357
Fri Jan 08 16:40:40 2021	1610120440	147	2365	2512	2353
Fri Jan 08 16:40:45 2021	1610120445	151	2361	2512	2360
Fri Jan 08 16:40:33 2021	1610120433	159	2354	2513	2339
Fri Jan 08 16:40:45 2021	1610120445	146	2369	2515	2356
Fri Jan 08 16:40:14 2021	1610120414	167	2348	2515	2308
Fri Jan 08 16:40:37 2021	1610120437	130	2386	2516	2378
Fri Jan 08 16:40:29 2021	1610120429	130	2386	2516	2377
Fri Jan 08 16:40:34 2021	1610120434	160	2356	2516	2337
Fri Jan 08 16:40:11 2021	1610120411	164	2353	2517	2334
Fri Jan 08 16:40:17 2021	1610120417	161	2356	2517	2214
Fri Jan 08 16:40:45 2021	1610120445	159	2358	2517	2355
Fri Jan 08 16:40:45 2021	1610120445	143	2375	2517	2374
Fri Jan 08 16:40:44 2021	1610120444	139	2378	2518	2367
Fri Jan 08 16:40:37 2021	1610120437	134	2383	2518	2370
Fri Jan 08 16:40:11 2021	1610120411	162	2357	2518	2356
Fri Jan 08 16:40:42 2021	1610120442	148	2371	2520	2370
Fri Jan 08 16:40:29 2021	1610120429	141	2379	2520	2378
Fri Jan 08 16:40:34 2021	1610120434	160	2360	2520	2340
Fri Jan 08 16:40:38 2021	1610120438	141	2379	2521	2367
Fri Jan 08 16:40:43 2021	1610120443	134	2387	2521	2368
Fri Jan 08 16:40:26 2021	1610120426	142	2380	2522	2379
Fri Jan 08 16:40:29 2021	1610120429	137	2385	2522	2384
Fri Jan 08 16:40:45 2021	1610120445	154	2370	2524	2360
Fri Jan 08 16:40:32 2021	1610120432	132	2392	2524	2379
Fri Jan 08 16:40:39 2021	1610120439	159	2366	2525	2358
Fri Jan 08 16:40:34 2021	1610120434	144	2381	2525	2236
Fri Jan 08 16:40:40 2021	1610120440	143	2383	2526	2374
Fri Jan 08 16:40:43 2021	1610120443	154	2372	2526	2368
Fri Jan 08 16:40:42 2021	1610120442	143	2384	2527	2383
Fri Jan 08 16:40:31 2021	1610120431	139	2390	2528	2372
Fri Jan 08 16:40:30 2021	1610120430	136	2393	2529	2382
Fri Jan 08 16:40:26 2021	1610120426	154	2375	2529	2363
Fri Jan 08 16:40:37 2021	1610120437	140	2390	2531	2383
Fri Jan 08 16:40:33 2021	1610120433	168	2363	2531	2350
Fri Jan 08 16:40:43 2021	1610120443	157	2374	2531	2349
Fri Jan 08 16:40:16 2021	1610120416	155	2376	2531	2372
Fri Jan 08 16:40:21 2021	1610120421	160	2373	2532	2362
Fri Jan 08 16:40:36 2021	1610120436	137	2396	2532	2393
Fri Jan 08 16:40:39 2021	1610120439	156	2378	2533	2367
Fri Jan 08 16:40:37 2021	1610120437	132	2403	2535	2386
Fri Jan 08 16:40:26 2021	1610120426	144	2392	2536	2388
Fri Jan 08 16:40:32 2021	1610120432	142	2395	2536	2378
Fri Jan 08 16:40:40 2021	1610120440	140	2397	2537	2384
Fri Jan 08 16:40:40 2021	1610120440	160	2377	2537	2376
Fri Jan 08 16:40:40 2021	1610120440	160	2378	2537	2370
Fri Jan 08 16:40:45 2021	1610120445	142	2396	2538	2379
Fri Jan 08 16:40:11 2021	1610120411	164	2374	2538	2361
Fri Jan 08 16:40:29 2021	1610120429	170	2369	2539	2358
Fri Jan 08 16:40:29 2021	1610120429	140	2400	2540	2388
Fri Jan 08 16:40:29 2021	1610120429	138	2402	2540	2264
Fri Jan 08 16:40:24 2021	1610120424	150	2391	2540	2390
Fri Jan 08 16:40:34 2021	1610120434	154	2387	2541	2369
Fri Jan 08 16:40:45 2021	1610120445	148	2392	2541	2390
Fri Jan 08 16:40:14 2021	1610120414	140	2402	2542	2388
Fri Jan 08 16:40:37 2021	1610120437	147	2395	2542	2376
Fri Jan 08 16:40:42 2021	1610120442	147	2397	2545	2383
Fri Jan 08 16:40:44 2021	1610120444	136	2409	2545	2404
Fri Jan 08 16:40:43 2021	1610120443	152	2394	2546	2375
Fri Jan 08 16:40:29 2021	1610120429	163	2384	2546	2366
Fri Jan 08 16:40:18 2021	1610120418	141	2406	2547	2386
Fri Jan 08 16:40:24 2021	1610120424	139	2408	2547	2406
Fri Jan 08 16:40:40 2021	1610120440	147	2401	2548	2400
Fri Jan 08 16:40:26 2021	1610120426	156	2393	2549	2379
Fri Jan 08 16:40:31 2021	1610120431	149	2401	2549	2400
Fri Jan 08 16:40:39 2021	1610120439	156	2394	2550	2383
Fri Jan 08 16:40:44 2021	1610120444	140	2410	2550	2389
Fri Jan 08 16:40:26 2021	1610120426	166	2384	2550	2382
Fri Jan 08 16:40:44 2021	1610120444	155	2396	2551	2391
Fri Jan 08 16:40:27 2021	1610120427	132	2419	2551	2399
Fri Jan 08 16:40:29 2021	1610120429	170	2383	2553	2363
Fri Jan 08 16:40:14 2021	1610120414	135	2418	2553	2401
Fri Jan 08 16:40:40 2021	1610120440	150	2403	2553	2394
Fri Jan 08 16:40:34 2021	1610120434	143	2411	2554	2397
Fri Jan 08 16:40:26 2021	1610120426	163	2392	2555	2391
Fri Jan 08 16:40:26 2021	1610120426	147	2408	2556	2251
Fri Jan 08 16:40:29 2021	1610120429	159	2397	2556	2378
Fri Jan 08 16:40:29 2021	1610120429	149	2409	2557	2408
Fri Jan 08 16:40:30 2021	1610120430	146	2411	2557	2395
Fri Jan 08 16:40:29 2021	1610120429	149	2409	2558	2393
Fri Jan 08 16:40:41 2021	1610120441	150	2408	2558	2383
Fri Jan 08 16:40:39 2021	1610120439	150	2408	2558	2388
Fri Jan 08 16:40:26 2021	1610120426	162	2397	2559	2391
Fri Jan 08 16:40:45 2021	1610120445	143	2416	2559	2400
Fri Jan 08 16:40:31 2021	1610120431	161	2398	2559	2397
Fri Jan 08 16:40:26 2021	1610120426	147	2412	2559	2395
Fri Jan 08 16:40:39 2021	1610120439	162	2398	2559	2386
Fri Jan 08 16:40:29 2021	1610120429	140	2420	2560	2417
Fri Jan 08 16:40:41 2021	1610120441	137	2423	2560	2418
Fri Jan 08 16:40:44 2021	1610120444	140	2421	2561	2408
Fri Jan 08 16:40:29 2021	1610120429	141	2421	2561	2418
Fri Jan 08 16:40:26 2021	1610120426	146	2416	2562	2413
Fri Jan 08 16:40:26 2021	1610120426	149	2413	2562	2394
Fri Jan 08 16:40:35 2021	1610120435	148	2414	2563	2275
Fri Jan 08 16:40:41 2021	1610120441	148	2415	2563	2414
Fri Jan 08 16:40:45 2021	1610120445	150	2415	2565	2414
Fri Jan 08 16:40:42 2021	1610120442	152	2414	2566	2412
Fri Jan 08 16:40:33 2021	1610120433	139	2427	2566	2285
Fri Jan 08 16:40:18 2021	1610120418	141	2426	2566	2415
Fri Jan 08 16:40:45 2021	1610120445	157	2410	2566	2409
Fri Jan 08 16:40:41 2021	1610120441	136	2431	2566	2421
Fri Jan 08 16:40:28 2021	1610120428	152	2415	2567	2414
Fri Jan 08 16:40:37 2021	1610120437	147	2421	2567	2412
Fri Jan 08 16:40:20 2021	1610120420	141	2426	2567	2412
Fri Jan 08 16:40:29 2021	1610120429	134	2435	2569	2415
Fri Jan 08 16:40:34 2021	1610120434	138	2432	2569	2430
Fri Jan 08 16:40:37 2021	1610120437	169	2401	2570	2400
Fri Jan 08 16:40:34 2021	1610120434	145	2425	2570	2424
Fri Jan 08 16:40:37 2021	1610120437	154	2417	2571	2416
Fri Jan 08 16:40:37 2021	1610120437	167	2404	2571	2403
Fri Jan 08 16:40:31 2021	1610120431	159	2413	2572	2397
Fri Jan 08 16:40:44 2021	1610120444	148	2424	2572	2293
Fri Jan 08 16:40:24 2021	1610120424	139	2433	2573	2418
Fri Jan 08 16:40:44 2021	1610120444	154	2420	2574	2403
Fri Jan 08 16:40:29 2021	1610120429	143	2431	2574	2417
Fri Jan 08 16:40:44 2021	1610120444	140	2436	2576	2421
Fri Jan 08 16:40:42 2021	1610120442	148	2429	2577	2420
Fri Jan 08 16:40:11 2021	1610120411	178	2399	2577	2379
Fri Jan 08 16:40:32 2021	1610120432	148	2430	2577	2415
Fri Jan 08 16:40:23 2021	1610120423	137	2440	2577	2439
Fri Jan 08 16:40:26 2021	1610120426	155	2423	2578	2422
Fri Jan 08 16:40:11 2021	1610120411	160	2418	2578	2397
Fri Jan 08 16:40:42 2021	1610120442	139	2440	2579	2422
Fri Jan 08 16:40:29 2021	1610120429	141	2439	2580	2419
Fri Jan 08 16:40:11 2021	1610120411	179	2402	2580	2399
Fri Jan 08 16:40:15 2021	1610120415	155	2426	2581	2388
Fri Jan 08 16:40:18 2021	1610120418	145	2436	2581	2433
Fri Jan 08 16:40:26 2021	1610120426	168	2414	2582	2408
Fri Jan 08 16:40:43 2021	1610120443	144	2440	2584	2422
Fri Jan 08 16:40:29 2021	1610120429	154	2429	2584	2409
Fri Jan 08 16:40:40 2021	1610120440	146	2438	2584	2420
Fri Jan 08 16:40:39 2021	1610120439	163	2422	2584	2417
Fri Jan 08 16:40:38 2021	1610120438	154	2432	2587	2415
Fri Jan 08 16:40:34 2021	1610120434	147	2441	2588	2423
Fri Jan 08 16:40:34 2021	1610120434	138	2452	2590	2443
Fri Jan 08 16:40:26 2021	1610120426	158	2432	2590	2421
Fri Jan 08 16:40:43 2021	1610120443	151	2440	2591	2421
Fri Jan 08 16:40:11 2021	1610120411	178	2413	2591	2402
Fri Jan 08 16:40:34 2021	1610120434	155	2436	2591	2424
Fri Jan 08 16:40:26 2021	1610120426	137	2455	2592	2434
Fri Jan 08 16:40:11 2021	1610120411	178	2414	2592	2405
Fri Jan 08 16:40:32 2021	1610120432	152	2441	2593	2437
Fri Jan 08 16:40:29 2021	1610120429	159	2434	2593	2422
Fri Jan 08 16:40:44 2021	1610120444	147	2447	2594	2443
Fri Jan 08 16:40:40 2021	1610120440	151	2443	2594	2431
Fri Jan 08 16:40:28 2021	1610120428	133	2462	2594	2448
Fri Jan 08 16:40:45 2021	1610120445	162	2434	2596	2416
Fri Jan 08 16:40:37 2021	1610120437	149	2447	2596	2440
Fri Jan 08 16:40:34 2021	1610120434	153	2444	2598	2425
Fri Jan 08 16:40:11 2021	1610120411	166	2432	2598	2416
Fri Jan 08 16:40:15 2021	1610120415	131	2467	2598	2445
Fri Jan 08 16:40:11 2021	1610120411	162	2436	2598	2435
Fri Jan 08 16:40:44 2021	1610120444	148	2450	2598	2435
Fri Jan 08 16:40:45 2021	1610120445	137	2462	2598	2444
Fri Jan 08 16:40:40 2021	1610120440	157	2442	2599	2437
Fri Jan 08 16:40:39 2021	1610120439	151	2448	2599	2439
Fri Jan 08 16:40:27 2021	1610120427	141	2457	2599	2438
Fri Jan 08 16:40:29 2021	1610120429	152	2447	2599	2447
Fri Jan 08 16:40:44 2021	1610120444	139	2460	2599	2450
Fri Jan 08 16:40:37 2021	1610120437	165	2436	2600	2420
Fri Jan 08 16:40:21 2021	1610120421	152	2449	2601	2299
Fri Jan 08 16:40:32 2021	1610120432	143	2459	2602	2441
Fri Jan 08 16:40:39 2021	1610120439	150	2453	2602	2442
Fri Jan 08 16:40:43 2021	1610120443	150	2455	2604	2454
Fri Jan 08 16:40:39 2021	1610120439	155	2451	2606	2428
Fri Jan 08 16:40:42 2021	1610120442	153	2453	2606	2436
Fri Jan 08 16:40:39 2021	1610120439	176	2430	2606	2423
Fri Jan 08 16:40:42 2021	1610120442	141	2465	2606	2456
Fri Jan 08 16:40:42 2021	1610120442	139	2468	2608	2455
Fri Jan 08 16:40:23 2021	1610120423	151	2457	2608	2444
Fri Jan 08 16:40:34 2021	1610120434	169	2440	2609	2424
Fri Jan 08 16:40:32 2021	1610120432	142	2468	2609	2456
Fri Jan 08 16:40:32 2021	1610120432	155	2454	2610	2453
Fri Jan 08 16:40:31 2021	1610120431	161	2450	2611	2448
Fri Jan 08 16:40:44 2021	1610120444	170	2443	2613	2429
Fri Jan 08 16:40:14 2021	1610120414	161	2453	2614	2451
Fri Jan 08 16:40:24 2021	1610120424	143	2472	2614	2460
Fri Jan 08 16:40:32 2021	1610120432	154	2460	2615	2445
Fri Jan 08 16:40:24 2021	1610120424	157	2458	2616	2440
Fri Jan 08 16:40:45 2021	1610120445	131	2485	2616	2469
Fri Jan 08 16:40:38 2021	1610120438	160	2456	2616	2449
Fri Jan 08 16:40:27 2021	1610120427	174	2443	2616	2300
Fri Jan 08 16:40:45 2021	1610120445	137	2479	2616	2473
Fri Jan 08 16:40:34 2021	1610120434	137	2480	2617	2478
Fri Jan 08 16:40:21 2021	1610120421	148	2469	2617	2467
Fri Jan 08 16:40:14 2021	1610120414	147	2470	2617	2450
Fri Jan 08 16:40:42 2021	1610120442	152	2467	2619	2448
Fri Jan 08 16:40:34 2021	1610120434	136	2484	2619	2465
Fri Jan 08 16:40:45 2021	1610120445	151	2468	2620	2467
Fri Jan 08 16:40:31 2021	1610120431	164	2456	2620	2443
Fri Jan 08 16:40:11 2021	1610120411	179	2441	2620	2420
Fri Jan 08 16:40:11 2021	1610120411	162	2458	2620	2306
Fri Jan 08 16:40:29 2021	1610120429	154	2467	2621	2465
Fri Jan 08 16:40:34 2021	1610120434	149	2471	2621	2470
Fri Jan 08 16:40:42 2021	1610120442	155	2467	2621	2459
Fri Jan 08 16:40:37 2021	1610120437	142	2480	2622	2335
Fri Jan 08 16:40:34 2021	1610120434	163	2459	2622	2448
Fri Jan 08 16:40:40 2021	1610120440	146	2477	2622	2449
Fri Jan 08 16:40:39 2021	1610120439	136	2486	2623	2479
Fri Jan 08 16:40:45 2021	1610120445	148	2476	2624	2321
Fri Jan 08 16:40:45 2021	1610120445	137	2487	2624	2482
Fri Jan 08 16:40:32 2021	1610120432	150	2476	2626	2459
Fri Jan 08 16:40:42 2021	1610120442	145	2482	2627	2475
Fri Jan 08 16:40:42 2021	1610120442	161	2467	2628	2315
Fri Jan 08 16:40:28 2021	1610120428	158	2470	2629	2324
Fri Jan 08 16:40:21 2021	1610120421	143	2486	2629	2321
Fri Jan 08 16:40:37 2021	1610120437	139	2493	2632	2473
Fri Jan 08 16:40:45 2021	1610120445	149	2483	2632	2466
Fri Jan 08 16:40:21 2021	1610120421	141	2491	2633	2489
Fri Jan 08 16:40:45 2021	1610120445	155	2478	2633	2467
Fri Jan 08 16:40:32 2021	1610120432	148	2485	2633	2475
Fri Jan 08 16:40:37 2021	1610120437	151	2482	2633	2324
Fri Jan 08 16:40:26 2021	1610120426	155	2479	2634	2467
Fri Jan 08 16:40:26 2021	1610120426	156	2478	2634	2465
Fri Jan 08 16:40:26 2021	1610120426	162	2473	2635	2453
Fri Jan 08 16:40:24 2021	1610120424	139	2496	2635	2483
Fri Jan 08 16:40:11 2021	1610120411	161	2474	2636	2458
Fri Jan 08 16:40:11 2021	1610120411	179	2459	2638	2457
Fri Jan 08 16:40:26 2021	1610120426	154	2484	2638	2484
Fri Jan 08 16:40:37 2021	1610120437	163	2476	2638	2470
Fri Jan 08 16:40:32 2021	1610120432	134	2505	2639	2503
Fri Jan 08 16:40:45 2021	1610120445	150	2489	2639	2470
Fri Jan 08 16:40:39 2021	1610120439	155	2485	2640	2467
Fri Jan 08 16:40:31 2021	1610120431	159	2481	2640	2457
Fri Jan 08 16:40:37 2021	1610120437	135	2505	2640	2350
Fri Jan 08 16:40:31 2021	1610120431	143	2498	2641	2497
Fri Jan 08 16:40:24 2021	1610120424	155	2488	2643	2487
Fri Jan 08 16:40:32 2021	1610120432	143	2499	2643	2497
Fri Jan 08 16:40:24 2021	1610120424	129	2517	2646	2493
Fri Jan 08 16:40:37 2021	1610120437	146	2500	2646	2498
Fri Jan 08 16:40:26 2021	1610120426	157	2490	2647	2489
Fri Jan 08 16:40:24 2021	1610120424	144	2503	2647	2490
Fri Jan 08 16:40:29 2021	1610120429	150	2498	2648	2495
Fri Jan 08 16:40:23 2021	1610120423	159	2490	2649	2471
Fri Jan 08 16:40:34 2021	1610120434	148	2501	2649	2487
Fri Jan 08 16:40:24 2021	1610120424	140	2509	2649	2482
Fri Jan 08 16:40:34 2021	1610120434	155	2495	2650	2494
Fri Jan 08 16:40:44 2021	1610120444	142	2508	2650	2507
Fri Jan 08 16:40:34 2021	1610120434	153	2500	2652	2486
Fri Jan 08 16:40:21 2021	1610120421	143	2511	2654	2509
Fri Jan 08 16:40:42 2021	1610120442	148	2506	2654	2491
Fri Jan 08 16:40:21 2021	1610120421	137	2517	2654	2516
Fri Jan 08 16:40:23 2021	1610120423	154	2500	2655	2479
Fri Jan 08 16:40:21 2021	1610120421	142	2513	2655	2512
Fri Jan 08 16:40:34 2021	1610120434	146	2510	2656	2503
Fri Jan 08 16:40:39 2021	1610120439	175	2483	2658	2482
Fri Jan 08 16:40:32 2021	1610120432	151	2507	2658	2488
Fri Jan 08 16:40:36 2021	1610120436	141	2518	2659	2496
Fri Jan 08 16:40:21 2021	1610120421	134	2526	2660	2525
Fri Jan 08 16:40:26 2021	1610120426	158	2502	2660	2501
Fri Jan 08 16:40:34 2021	1610120434	147	2515	2661	2507
Fri Jan 08 16:40:45 2021	1610120445	147	2515	2662	2371
Fri Jan 08 16:40:45 2021	1610120445	145	2520	2665	2507
Fri Jan 08 16:40:44 2021	1610120444	159	2506	2665	2495
Fri Jan 08 16:40:42 2021	1610120442	147	2518	2665	2506
Fri Jan 08 16:40:40 2021	1610120440	149	2517	2666	2497
Fri Jan 08 16:40:44 2021	1610120444	164	2503	2667	2487
Fri Jan 08 16:40:21 2021	1610120421	144	2524	2668	2523
Fri Jan 08 16:40:33 2021	1610120433	143	2526	2669	2390
Fri Jan 08 16:40:31 2021	1610120431	138	2531	2670	2520
Fri Jan 08 16:40:26 2021	1610120426	159	2512	2671	2494
Fri Jan 08 16:40:29 2021	1610120429	149	2524	2673	2523
Fri Jan 08 16:40:29 2021	1610120429	141	2533	2674	2388
Fri Jan 08 16:40:34 2021	1610120434	140	2535	2674	2375
Fri Jan 08 16:40:39 2021	1610120439	141	2533	2675	2529
Fri Jan 08 16:40:16 2021	1610120416	128	2547	2675	2539
Fri Jan 08 16:40:41 2021	1610120441	148	2528	2676	2523
Fri Jan 08 16:40:41 2021	1610120441	144	2532	2676	2516
Fri Jan 08 16:40:34 2021	1610120434	150	2528	2678	2508
Fri Jan 08 16:40:24 2021	1610120424	144	2536	2680	2379
Fri Jan 08 16:40:24 2021	1610120424	152	2529	2681	2515
Fri Jan 08 16:40:31 2021	1610120431	142	2542	2684	2533
Fri Jan 08 16:40:34 2021	1610120434	153	2531	2684	2518
Fri Jan 08 16:40:12 2021	1610120412	152	2534	2687	2519
Fri Jan 08 16:40:16 2021	1610120416	130	2558	2687	2537
Fri Jan 08 16:40:32 2021	1610120432	150	2538	2688	2524
Fri Jan 08 16:40:24 2021	1610120424	156	2534	2689	2507
Fri Jan 08 16:40:34 2021	1610120434	157	2533	2690	2532
Fri Jan 08 16:40:34 2021	1610120434	157	2533	2690	2531
Fri Jan 08 16:40:17 2021	1610120417	147	2544	2691	2526
Fri Jan 08 16:40:42 2021	1610120442	180	2512	2692	2484
Fri Jan 08 16:40:31 2021	1610120431	147	2547	2694	2544
Fri Jan 08 16:40:45 2021	1610120445	144	2550	2695	2545
Fri Jan 08 16:40:42 2021	1610120442	143	2552	2695	2543
Fri Jan 08 16:40:23 2021	1610120423	167	2530	2697	2529
Fri Jan 08 16:40:42 2021	1610120442	134	2565	2699	2415
Fri Jan 08 16:40:32 2021	1610120432	140	2560	2700	2551
Fri Jan 08 16:40:21 2021	1610120421	142	2558	2700	2555
Fri Jan 08 16:40:41 2021	1610120441	134	2566	2701	2550
Fri Jan 08 16:40:24 2021	1610120424	155	2546	2701	2542
Fri Jan 08 16:40:42 2021	1610120442	147	2555	2702	2547
Fri Jan 08 16:40:45 2021	1610120445	157	2545	2702	2537
Fri Jan 08 16:40:31 2021	1610120431	162	2541	2702	2531
Fri Jan 08 16:40:40 2021	1610120440	141	2562	2703	2561
Fri Jan 08 16:40:39 2021	1610120439	153	2551	2705	2539
Fri Jan 08 16:40:11 2021	1610120411	162	2543	2705	2526
Fri Jan 08 16:40:42 2021	1610120442	156	2549	2705	2548
Fri Jan 08 16:40:31 2021	1610120431	153	2554	2708	2540
Fri Jan 08 16:40:11 2021	1610120411	165	2543	2708	2541
Fri Jan 08 16:40:21 2021	1610120421	154	2555	2708	2372
Fri Jan 08 16:40:31 2021	1610120431	152	2557	2709	2539
Fri Jan 08 16:40:21 2021	1610120421	145	2564	2709	2543
Fri Jan 08 16:40:15 2021	1610120415	140	2570	2710	2437
Fri Jan 08 16:40:34 2021	1610120434	157	2559	2716	2545
Fri Jan 08 16:40:27 2021	1610120427	157	2560	2717	2548
Fri Jan 08 16:40:39 2021	1610120439	157	2563	2719	2562
Fri Jan 08 16:40:29 2021	1610120429	143	2577	2720	2564
Fri Jan 08 16:40:23 2021	1610120423	161	2561	2723	2559
Fri Jan 08 16:40:18 2021	1610120418	135	2590	2725	2587
Fri Jan 08 16:40:24 2021	1610120424	156	2569	2726	2568
Fri Jan 08 16:40:23 2021	1610120423	140	2588	2727	2570
Fri Jan 08 16:40:11 2021	1610120411	162	2565	2727	2564
Fri Jan 08 16:40:24 2021	1610120424	141	2586	2728	2567
Fri Jan 08 16:40:37 2021	1610120437	150	2577	2728	2414
Fri Jan 08 16:40:39 2021	1610120439	144	2584	2728	2445
Fri Jan 08 16:40:31 2021	1610120431	145	2584	2729	2434
Fri Jan 08 16:40:21 2021	1610120421	150	2579	2729	2575
Fri Jan 08 16:40:26 2021	1610120426	142	2588	2729	2444
Fri Jan 08 16:40:40 2021	1610120440	144	2589	2733	2587
Fri Jan 08 16:40:37 2021	1610120437	164	2575	2738	2419
Fri Jan 08 16:40:34 2021	1610120434	148	2591	2739	2589
Fri Jan 08 16:40:20 2021	1610120420	156	2586	2742	2574
Fri Jan 08 16:40:40 2021	1610120440	144	2599	2743	2597
Fri Jan 08 16:40:24 2021	1610120424	141	2607	2747	2593
Fri Jan 08 16:40:21 2021	1610120421	138	2615	2753	2603
Fri Jan 08 16:40:34 2021	1610120434	138	2616	2754	2480
Fri Jan 08 16:40:24 2021	1610120424	143	2612	2754	2600
Fri Jan 08 16:40:24 2021	1610120424	139	2616	2755	2615
Fri Jan 08 16:40:31 2021	1610120431	150	2608	2758	2454
Fri Jan 08 16:40:37 2021	1610120437	170	2588	2759	2577
Fri Jan 08 16:40:23 2021	1610120423	142	2618	2760	2617
Fri Jan 08 16:40:24 2021	1610120424	141	2621	2762	2609
Fri Jan 08 16:40:23 2021	1610120423	149	2619	2768	2618
Fri Jan 08 16:40:14 2021	1610120414	139	2628	2768	2473
Fri Jan 08 16:40:32 2021	1610120432	135	2644	2779	2624
Fri Jan 08 16:40:24 2021	1610120424	159	2621	2780	2621
Fri Jan 08 16:40:26 2021	1610120426	161	2622	2783	2472
Fri Jan 08 16:40:14 2021	1610120414	153	2633	2786	2632
Fri Jan 08 16:40:21 2021	1610120421	145	2643	2787	2641
Fri Jan 08 16:40:21 2021	1610120421	147	2642	2789	2635
Fri Jan 08 16:40:21 2021	1610120421	155	2638	2792	2513
Fri Jan 08 16:40:26 2021	1610120426	161	2635	2796	2482
Fri Jan 08 16:40:11 2021	1610120411	165	2632	2797	2615
Fri Jan 08 16:40:21 2021	1610120421	151	2647	2798	2496
Fri Jan 08 16:40:21 2021	1610120421	146	2655	2801	2653
Fri Jan 08 16:40:44 2021	1610120444	151	2656	2807	2641
Fri Jan 08 16:40:34 2021	1610120434	135	2681	2816	2529
Fri Jan 08 16:40:34 2021	1610120434	160	2660	2819	2511
Fri Jan 08 16:40:21 2021	1610120421	145	2684	2829	2682
Fri Jan 08 16:40:23 2021	1610120423	167	2666	2833	2664
Fri Jan 08 16:40:11 2021	1610120411	164	2673	2837	2644
Fri Jan 08 16:40:11 2021	1610120411	178	2660	2838	2642
Fri Jan 08 16:40:31 2021	1610120431	165	2678	2843	2673
Fri Jan 08 16:40:31 2021	1610120431	154	2690	2844	2541
Fri Jan 08 16:40:15 2021	1610120415	148	2697	2844	2686
Fri Jan 08 16:40:24 2021	1610120424	154	2694	2848	2680
Fri Jan 08 16:40:42 2021	1610120442	144	2708	2852	2707
Fri Jan 08 16:40:21 2021	1610120421	146	2714	2860	2713
Fri Jan 08 16:40:23 2021	1610120423	187	2676	2864	2675
Fri Jan 08 16:40:23 2021	1610120423	147	2719	2866	2693
Fri Jan 08 16:40:45 2021	1610120445	160	2709	2869	2560
Fri Jan 08 16:40:21 2021	1610120421	154	2718	2873	2703
Fri Jan 08 16:40:21 2021	1610120421	133	2740	2873	2738
Fri Jan 08 16:40:18 2021	1610120418	138	2735	2874	2734
Fri Jan 08 16:40:23 2021	1610120423	154	2723	2877	2712
Fri Jan 08 16:40:13 2021	1610120413	142	2738	2879	2735
Fri Jan 08 16:40:21 2021	1610120421	134	2752	2887	2751
Fri Jan 08 16:40:21 2021	1610120421	135	2764	2900	2753
Fri Jan 08 16:40:18 2021	1610120418	177	2723	2901	2722
Fri Jan 08 16:40:24 2021	1610120424	158	2747	2905	2582
Fri Jan 08 16:40:16 2021	1610120416	153	2774	2927	2772
Fri Jan 08 16:40:23 2021	1610120423	170	2760	2930	2758
Fri Jan 08 16:40:34 2021	1610120434	149	2798	2947	2651
Fri Jan 08 16:40:17 2021	1610120417	162	2787	2949	2763
Fri Jan 08 16:40:21 2021	1610120421	152	2804	2955	2801
Fri Jan 08 16:40:24 2021	1610120424	159	2819	2978	2670
Fri Jan 08 16:40:20 2021	1610120420	152	2834	2985	2831
Fri Jan 08 16:40:20 2021	1610120420	132	2897	3029	2880
Fri Jan 08 16:40:20 2021	1610120420	143	2907	3049	2891
Fri Jan 08 16:40:17 2021	1610120417	151	2929	3080	2916
Fri Jan 08 16:40:17 2021	1610120417	148	3001	3150	2988
Fri Jan 08 16:40:20 2021	1610120420	157	2999	3156	2998
Fri Jan 08 16:40:11 2021	1610120411	161	3001	3162	2972
Fri Jan 08 16:40:20 2021	1610120420	145	3031	3176	3013
Fri Jan 08 16:40:11 2021	1610120411	165	3014	3179	2997
Fri Jan 08 16:40:14 2021	1610120414	156	3032	3188	3019
Fri Jan 08 16:40:20 2021	1610120420	149	3062	3211	3061
Fri Jan 08 16:40:20 2021	1610120420	154	3073	3227	3055
Fri Jan 08 16:40:20 2021	1610120420	150	3105	3255	3093
Fri Jan 08 16:40:20 2021	1610120420	145	3112	3256	3110
Fri Jan 08 16:40:20 2021	1610120420	131	3166	3297	3151
Fri Jan 08 16:40:20 2021	1610120420	142	3163	3305	3150
Fri Jan 08 16:40:20 2021	1610120420	164	3183	3346	3182
Fri Jan 08 16:40:20 2021	1610120420	152	3198	3350	3184
Fri Jan 08 16:40:17 2021	1610120417	143	3257	3400	3240
Fri Jan 08 16:40:20 2021	1610120420	139	3295	3434	3293
Fri Jan 08 16:40:20 2021	1610120420	141	3522	3662	3515
Fri Jan 08 16:40:20 2021	1610120420	154	3544	3698	3544
